{
    "normals": [-0.577349,-0.577349,0.577349,0.577349,-0.577349,0.577349,0.577349,0.577349,0.577349,-0.577349,0.577349,0.577349,-0.577349,0.577349,-0.577349,-0.577349,-0.577349,-0.577349,0.577349,0.577349,-0.577349,0.577349,-0.577349,-0.577349],
    "metadata": {
        "normals": 8,
        "type": "Geometry",
        "vertices": 8,
        "uvs": 1,
        "faces": 6,
        "version": 3,
        "materials": 1,
        "generator": "io_three"
    },
    "vertices": [3.24861,0.06,6.03084,3.24861,3.66093,6.03084,2.97419,0.06,6.03084,2.97419,3.66093,6.03084,3.24861,0.06,-3.19551,3.24861,3.66093,-3.19552,2.97419,0.06,-3.19551,2.97419,3.66093,-3.19552],
    "uvs": [[0.978912,0.000208,0.915014,0.000208,0.915014,0.435478,0.978912,0.435478,0.914598,0.435894,0.000208,0.435894,0.000208,0.871164,0.914598,0.871165,0.915014,0.435894,0.978912,0.435894,0.978912,0.871164,0.915014,0.871164,0.000208,0.000208,0.914598,0.000208,0.914598,0.435478,0.000208,0.435478,0.914598,0.999792,0.914598,0.935894,0.000208,0.935894,0.000208,0.999792,0.000208,0.935478,0.000208,0.87158,0.914598,0.87158,0.914598,0.935478]],
    "name": "Cube.002Geometry.2",
    "faces": [43,2,0,1,3,0,2,3,0,1,0,1,2,3,43,3,7,6,2,0,4,5,6,7,3,4,5,0,43,7,5,4,6,0,8,9,10,11,4,6,7,5,43,0,4,5,1,0,14,15,12,13,1,7,6,2,43,0,2,6,4,0,16,17,18,19,1,0,5,7,43,5,7,3,1,0,20,21,22,23,6,4,3,2],
    "materials": [{
        "mapDiffuseWrap": ["RepeatWrapping","MirroredRepeatWrapping"],
        "DbgColor": 15658734,
        "blending": "NormalBlending",
        "mapDiffuseRepeat": [3,3],
        "shading": "phong",
        "DbgIndex": 0,
        "colorDiffuse": [0.8,0.8,0.8],
        "specularCoef": 50,
        "colorSpecular": [0.5,0.5,0.5],
        "mapDiffuse": "cinderblockwall.jpg",
        "wireframe": false,
        "depthTest": true,
        "mapDiffuseAnisotropy": 1,
        "depthWrite": true,
        "colorEmissive": [0,0,0],
        "opacity": 1,
        "transparent": false,
        "colorAmbient": [0.8,0.8,0.8],
        "visible": true,
        "DbgName": "Cinderblock Wall"
    }]
}