{
    "normals": [-0.577349,-0.577349,0.577349,0.577349,-0.577349,0.577349,0.707083,0,0.707083,-0.707083,0,0.707083,-0.948668,-0.316202,0,-0.707083,0,-0.707083,-0.577349,-0.577349,-0.577349,-0.707083,-0.707083,0,0.707083,0,-0.707083,0.577349,-0.577349,-0.577349,0.707083,-0.707083,0,1,0,0,0.707083,0.707083,0,-0.707083,0.707083,0,-0.577349,0.577349,0.577349,0.577349,0.577349,0.577349,0.577349,0.577349,-0.577349,-0.577349,0.577349,-0.577349,0.948668,0,0.316202,0.894406,0,-0.447188,-1,0,0,0,-0.707083,-0.707083,0,0,1,0,0,-1,0,-1,0],
    "metadata": {
        "normals": 25,
        "type": "Geometry",
        "vertices": 42,
        "uvs": 1,
        "faces": 30,
        "version": 3,
        "materials": 1,
        "generator": "io_three"
    },
    "vertices": [-5.9641,0.06,6.03084,-5.9641,3.66093,6.03084,-6.23852,0.06,6.03084,-6.23852,3.66093,6.03084,-5.9641,0.06,-2.94207,-5.9641,3.66093,-2.94207,-6.23853,0.06,-2.94207,-6.23853,3.66093,-2.94207,-6.23853,3.66093,-2.49343,-6.23853,0.06,-2.49343,-5.9641,3.66093,-2.49343,-5.9641,0.06,-2.49343,-5.9641,2.94075,6.03084,-6.23852,2.94075,6.03084,-6.23853,2.94075,-2.94207,-5.9641,2.94075,-2.94207,-5.9641,2.94075,-2.49343,-6.23853,2.94075,-2.49343,-6.23853,0.06,-0.788575,-5.9641,3.66093,-0.788575,-6.23853,3.66093,-0.788575,-5.9641,0.06,-0.788575,-6.23853,2.94075,-0.788575,-5.9641,2.94075,-0.788575,-5.9641,0.06,-2.49343,-5.9641,2.94075,-2.49343,-5.9641,0.06,-2.49343,-5.9641,2.94075,-2.49343,-6.23853,0.06,-2.49343,-6.23853,2.94075,-2.49343,-6.23853,0.06,-0.788575,-6.23853,2.94075,-0.788575,-5.9641,2.94075,-2.49343,-5.9641,2.94075,-0.788575,-6.23853,0.06,-0.686284,-5.9641,3.66093,-0.686284,-6.23853,2.94075,-0.686284,-6.23853,3.66093,-0.686284,-5.9641,0.06,-0.686284,-5.9641,2.94075,-0.686284,-5.9641,0.06,-0.78939,-5.9641,2.94075,-0.78939],
    "uvs": [[0.978912,0.217843,0.915014,0.217843,0.915014,0.435478,0.978912,0.435478,0.457403,0.653529,0.000208,0.653529,0.000208,0.871164,0.457403,0.871165,0.915014,0.653529,0.978912,0.653529,0.978912,0.871164,0.915014,0.871164,0.800299,0.217843,0.914598,0.217843,0.914598,0.435478,0.800299,0.435478,0.457403,0.999792,0.457403,0.935894,0.000208,0.935894,0.000208,0.999792,0.800299,0.935478,0.800299,0.87158,0.914598,0.87158,0.914598,0.935478,0.000208,0.935478,0.000208,0.87158,0.457403,0.87158,0.457403,0.935478,0.914598,0.999792,0.914598,0.935894,0.800299,0.935894,0.800299,0.999792,0.000208,0.217843,0.457403,0.217843,0.457403,0.435478,0.000208,0.435478,0.686001,0.435894,0.457403,0.435894,0.686001,0.653529,0.000208,0.000208,0.457403,0.000208,0.800299,0.000208,0.914598,0.000208,0.915014,0.435894,0.978912,0.435894,0.000208,0.435894,0.978912,0.000208,0.915014,0.000208,0.686001,0.000208,0.686001,0.217843,0.800299,0.435894,0.800299,0.653529,0.686001,0.871165,0.800299,0.871165,0.686001,0.935894,0.686001,0.999792,0.686001,0.87158,0.686001,0.935478,0.686001,0.435478,0.914598,0.653529,0.914598,0.871165,0.914598,0.435894]],
    "name": "Cube.003Geometry.1",
    "faces": [43,2,0,12,13,0,2,3,0,1,0,1,2,3,43,17,14,6,9,0,4,5,6,7,4,5,6,7,43,14,15,4,6,0,8,9,10,11,5,8,9,6,43,0,38,39,12,0,14,15,12,13,1,10,11,2,43,11,9,6,4,0,16,17,18,19,1,7,6,9,43,35,37,3,1,0,20,21,22,23,12,13,14,15,43,5,7,8,10,0,24,25,26,27,16,17,13,12,43,0,2,34,38,0,28,29,30,31,1,0,7,10,43,15,16,11,4,0,32,33,34,35,8,18,1,9,43,20,8,17,22,0,36,37,4,38,13,13,4,4,43,5,10,16,15,0,39,40,33,32,16,12,18,8,43,35,1,12,39,0,41,42,13,12,12,15,2,11,43,7,5,15,14,0,43,44,9,8,17,16,8,5,43,8,7,14,17,0,37,45,5,4,13,17,5,4,43,1,3,13,12,0,46,47,1,0,15,14,3,2,43,10,19,23,16,0,40,48,49,33,12,12,19,18,43,37,20,22,36,0,50,36,38,51,13,13,4,20,43,36,22,18,34,0,51,38,52,53,20,4,7,7,43,38,34,18,21,0,31,30,54,55,10,7,7,21,43,10,8,20,19,0,27,26,56,57,12,13,13,12,43,11,16,25,24,0,34,33,33,34,1,18,22,22,43,24,25,27,26,0,34,33,33,34,22,22,22,22,43,26,27,29,28,0,34,33,33,34,22,22,22,22,43,23,21,30,31,0,49,58,58,49,19,21,23,23,43,22,17,32,33,0,38,4,4,38,4,4,24,24,43,13,36,34,2,0,59,51,53,60,3,20,7,0,43,3,37,36,13,0,61,50,51,59,14,13,20,3,43,19,35,39,23,0,48,41,12,49,12,12,11,19,43,19,20,37,35,0,57,56,21,20,12,13,13,12,43,39,38,40,41,0,12,15,15,12,11,10,11,11],
    "materials": [{
        "mapDiffuseWrap": ["RepeatWrapping","MirroredRepeatWrapping"],
        "DbgColor": 15658734,
        "blending": "NormalBlending",
        "mapDiffuseRepeat": [3,3],
        "shading": "phong",
        "DbgIndex": 0,
        "colorDiffuse": [0.8,0.8,0.8],
        "specularCoef": 50,
        "colorSpecular": [0.5,0.5,0.5],
        "mapDiffuse": "cinderblockwall.jpg",
        "wireframe": false,
        "depthTest": true,
        "mapDiffuseAnisotropy": 1,
        "depthWrite": true,
        "colorEmissive": [0,0,0],
        "opacity": 1,
        "transparent": false,
        "colorAmbient": [0.8,0.8,0.8],
        "visible": true,
        "DbgName": "Cinderblock Wall"
    }]
}