{
    "normals": [-0.577349,-0.577349,-0.577349,-0.577349,-0.577349,0.577349,-0.577349,0.577349,0.577349,-0.577349,0.577349,-0.577349,0.577349,0.577349,-0.577349,0.577349,-0.577349,-0.577349,0.577349,0.577349,0.577349,0.577349,-0.577349,0.577349],
    "metadata": {
        "normals": 8,
        "type": "Geometry",
        "vertices": 8,
        "uvs": 1,
        "faces": 6,
        "version": 3,
        "materials": 1,
        "generator": "io_three"
    },
    "vertices": [-6.23852,0.058002,6.30526,-6.23852,3.65894,6.30526,-6.23852,0.058002,6.03084,-6.23852,3.65894,6.03084,3.23811,0.058002,6.30526,3.23811,3.65894,6.30526,3.23811,0.058002,6.03084,3.23811,3.65894,6.03084],
    "uvs": [[0,0,1,0,1,1,0,1]],
    "name": "Cube.001Geometry.9",
    "faces": [43,2,0,1,3,0,2,3,0,1,0,1,2,3,43,3,7,6,2,0,0,1,2,3,3,4,5,0,43,7,5,4,6,0,0,1,2,3,4,6,7,5,43,0,4,5,1,0,2,3,0,1,1,7,6,2,43,0,2,6,4,0,0,1,2,3,1,0,5,7,43,5,7,3,1,0,0,1,2,3,6,4,3,2],
    "materials": [{
        "mapDiffuseWrap": ["RepeatWrapping","MirroredRepeatWrapping"],
        "DbgColor": 15658734,
        "blending": "NormalBlending",
        "mapDiffuseRepeat": [3,3],
        "shading": "phong",
        "DbgIndex": 0,
        "colorDiffuse": [0.8,0.8,0.8],
        "specularCoef": 50,
        "colorSpecular": [0.5,0.5,0.5],
        "mapDiffuse": "cinderblockwall.jpg",
        "wireframe": false,
        "depthTest": true,
        "mapDiffuseAnisotropy": 1,
        "depthWrite": true,
        "colorEmissive": [0,0,0],
        "opacity": 1,
        "transparent": false,
        "colorAmbient": [0.8,0.8,0.8],
        "visible": true,
        "DbgName": "Cinderblock Wall"
    }]
}